DROP TABLE IF EXISTS `PDP_SR_NOTIFICATIONS`;
DROP TABLE IF EXISTS `PDP_SR_PARTICIPANTS`;
DROP TABLE IF EXISTS `VENDOR_CONFIGURATION` ;
DROP TABLE IF EXISTS `VENDOR_STATUS_MAPPING` ;
DROP TABLE IF EXISTS `PDP_SR_VENDOR`;
DROP TABLE IF EXISTS `PDP_SR_EVENT`;

CREATE TABLE `PDP_SR_EVENT` (
  `EVENT_ID` bigint(20) NOT NULL AUTO_INCREMENT,
  `EVENT_UNIQUE_ID` varchar(45) NOT NULL,
  `EVENT_PROGRAM` varchar(10) NOT NULL,
  `EVENT_NAME` varchar(99) NOT NULL,
  `EVENT_START` datetime NOT NULL,
  `EVENT_END` datetime NOT NULL,
  `EVENT_STATE` varchar(45) NOT NULL,
  `EVENT_OPTIONS` varchar(10) DEFAULT NULL,
  `EVENT_TYPE` varchar(45) NOT NULL,
  `NUM_PARTICIPANTS` int(11) NOT NULL DEFAULT '0',
  `NUM_NOTIFICATIONS` int(11) NOT NULL DEFAULT '0',
  `NUM_NOTIFICATIONS_SENT` int(11) NOT NULL DEFAULT '0',
  PRIMARY KEY (`EVENT_ID`)
) ENGINE=InnoDB DEFAULT CHARSET=utf8;

ALTER TABLE `PDP_SR_EVENT` 
ADD UNIQUE INDEX `IDX_EVENT_UNIQUE_ID` (`EVENT_UNIQUE_ID` ASC, EVENT_PROGRAM ASC, EVENT_STATE ASC);



CREATE TABLE `PDP_SR_PARTICIPANTS` (
  `PARTICIPANT_ID` bigint(20) NOT NULL AUTO_INCREMENT,
  `SERVICE_POINT_ID` varchar(45) NOT NULL,
  `PREMISE_ID` varchar(45) NOT NULL,
  `SA_ID` varchar(45) NOT NULL,
  `ACCT_ID` varchar(45) NOT NULL,
  `DRUID` varchar(45) NOT NULL,
  `SERVICE_ADDRESS` varchar(255) NOT NULL,
  `SUCCESSFUL_NOTIFICATION` VARCHAR(10) NOT NULL DEFAULT 'INPROGRESS',
  `PDP_SR_EVENT_EVENT_ID` bigint(20) NOT NULL,
  PRIMARY KEY (`PARTICIPANT_ID`),
  KEY `fk_PDP_SR_PARTICIPANTS_PDP_SR_EVENT1_idx` (`PDP_SR_EVENT_EVENT_ID`),
  CONSTRAINT `fk_PDP_SR_PARTICIPANTS_PDP_SR_EVENT1` FOREIGN KEY (`PDP_SR_EVENT_EVENT_ID`) REFERENCES `PDP_SR_EVENT` (`EVENT_ID`) ON DELETE NO ACTION ON UPDATE NO ACTION
) ENGINE=InnoDB DEFAULT CHARSET=utf8;

ALTER TABLE `PDP_SR_PARTICIPANTS` 
ADD INDEX `idx_EVENT_DRUID` (`PDP_SR_EVENT_EVENT_ID` ASC, `DRUID` ASC);

DROP TABLE IF EXISTS `PDP_SR_VENDOR`;
CREATE TABLE IF NOT EXISTS `PDP_SR_VENDOR` (
  `VENDOR_ID` BIGINT(20) NOT NULL AUTO_INCREMENT,
  `VENDOR` VARCHAR(45) NOT NULL,
  PRIMARY KEY (`VENDOR_ID`))
ENGINE = InnoDB;

DROP TABLE IF EXISTS `VENDOR_CONFIGURATION` ;
DROP TABLE IF EXISTS `VENDOR_STATUS_MAPPING` ;

CREATE TABLE IF NOT EXISTS `VENDOR_CONFIGURATION` (
  `VENDOR_CONFIG_ID` BIGINT(20) NOT NULL AUTO_INCREMENT,
  `PDP_SR_VENDOR_VENDOR_ID` BIGINT(20) NOT NULL,
  `NOTIFY_BY` VARCHAR(15) NOT NULL,
  `PROGRAM` VARCHAR(10) NOT NULL,
  `SFTP_ADDRESS` VARCHAR(45) NULL,
  `SFTP_USERNAME` VARCHAR(45) NULL,
  `SFTP_PASSWORD` VARCHAR(45) NULL,
  `SFTP_DIRECTORY` VARCHAR(45) NULL,
  PRIMARY KEY (`VENDOR_CONFIG_ID`),
  INDEX `fk_PDP_SR_VENDOR_CONFIGURATION_PDP_SR_VENDOR1_idx` (`PDP_SR_VENDOR_VENDOR_ID` ASC),
  CONSTRAINT `fk_PDP_SR_VENDOR_CONFIGURATION_PDP_SR_VENDOR`
    FOREIGN KEY (`PDP_SR_VENDOR_VENDOR_ID`)
    REFERENCES `PDP_SR_VENDOR` (`VENDOR_ID`)
    ON DELETE NO ACTION
    ON UPDATE NO ACTION)
ENGINE = InnoDB;


CREATE TABLE IF NOT EXISTS `PDP_SR_NOTIFICATIONS` (
  `NOTIFICATION_ID` BIGINT(20) NOT NULL AUTO_INCREMENT,
  `REC_ID` INT NULL,
  `PREFERENCE_CATEGORY` VARCHAR(45) NULL,
  `MESSAGE_TEMPLATE` VARCHAR(45) NULL,
  `PERSON_ID` VARCHAR(45) NULL,
  `NOTIFY_BY` VARCHAR(45) NULL,
  `NOTIFY_BY_VALUE` VARCHAR(255) NULL,
  `LANGUAGE` VARCHAR(45) NULL,
  `CREATION_TIMESTAMP` datetime NULL,
  `EVENT_DISPLAY_DAYNAME` VARCHAR(45) NULL,
  `EVENT_DISPLAY_EVENT_DATE` VARCHAR(45) NULL,
  `EVENT_CANCEL_STATUS` VARCHAR(45) NULL,
  `EVENT_DISPLAY_PREMISE_ADDR` VARCHAR(255) NULL,
  `SECOND_EVENT_DISPLAY_PREMISE_ADDR` VARCHAR(255) NULL,
  `NO_ADDITIONAL_ADDR_PREMISES` INT NOT NULL DEFAULT 0,
  `PDP_RESERVATION_CAPACITY` VARCHAR(45) NULL,
  `VENDOR_STATUS` VARCHAR(45) NULL DEFAULT 'SENT TO VENDOR',
  `VENDOR_STATUS_TIMESTAMP` DATETIME NULL,
  `VENDOR_STATUS_COUNTER` INT NOT NULL DEFAULT 0,
  `PDP_SR_EVENT_EVENT_ID` BIGINT(20) NOT NULL,
  `PDP_SR_PARTICIPANTS_PARTICIPANT_ID` BIGINT(20) NOT NULL,
  `PDP_SR_VENDOR_VENDOR_ID` BIGINT(20) NOT NULL,
  `CSV_LINE` VARCHAR(1024) NULL DEFAULT NULL,
  `DUPLICATE_OF` BIGINT(20) NULL DEFAULT NULL,
  PRIMARY KEY (`NOTIFICATION_ID`),
  INDEX `fk_PDP_SR_NOTIFICATIONS_PDP_SR_PARTICIPANTS1_idx` (`PDP_SR_PARTICIPANTS_PARTICIPANT_ID` ASC),
  INDEX `fk_PDP_SR_NOTIFICATIONS_PDP_SR_EVENT1_idx` (`PDP_SR_EVENT_EVENT_ID` ASC),
  INDEX `fk_PDP_SR_NOTIFICATIONS_PDP_SR_VENDOR1_idx` (`PDP_SR_VENDOR_VENDOR_ID` ASC),
  INDEX `fk_PDP_SR_NOTIFICATIONS_DUPLICATE_OF_idx` (`DUPLICATE_OF` ASC),
  KEY `idx_DUPLICATE` (`PDP_SR_EVENT_EVENT_ID`,`PDP_SR_PARTICIPANTS_PARTICIPANT_ID`,`PDP_SR_VENDOR_VENDOR_ID`,`NOTIFY_BY`,`NOTIFY_BY_VALUE`),
  CONSTRAINT `fk_PDP_SR_NOTIFICATIONS_PDP_SR_PARTICIPANTS1`
    FOREIGN KEY (`PDP_SR_PARTICIPANTS_PARTICIPANT_ID`)
    REFERENCES `PDP_SR_PARTICIPANTS` (`PARTICIPANT_ID`)
    ON DELETE NO ACTION
    ON UPDATE NO ACTION,
  CONSTRAINT `fk_PDP_SR_NOTIFICATIONS_PDP_SR_EVENT1`
    FOREIGN KEY (`PDP_SR_EVENT_EVENT_ID`)
    REFERENCES `PDP_SR_EVENT` (`EVENT_ID`)
    ON DELETE NO ACTION
    ON UPDATE NO ACTION,
  CONSTRAINT `fk_PDP_SR_NOTIFICATIONS_PDP_SR_VENDOR1`
    FOREIGN KEY (`PDP_SR_VENDOR_VENDOR_ID`)
    REFERENCES `PDP_SR_VENDOR` (`VENDOR_ID`)
    ON DELETE NO ACTION
    ON UPDATE NO ACTION,
     CONSTRAINT `fk_PDP_SR_NOTIFICATIONS_DUPLICATE_OF_idx`
    FOREIGN KEY (`DUPLICATE_OF`)
    REFERENCES `PDP_SR_NOTIFICATIONS` (`NOTIFICATION_ID`)
    ON DELETE NO ACTION
    ON UPDATE NO ACTION)
ENGINE = InnoDB DEFAULT CHARSET=utf8;




INSERT INTO PDP_SR_VENDOR(VENDOR_ID, VENDOR) VALUES(1,'Genesys');
INSERT INTO PDP_SR_VENDOR(VENDOR_ID, VENDOR) VALUES(2,'Rightfax');
INSERT INTO PDP_SR_VENDOR(VENDOR_ID, VENDOR) VALUES(3,'Gridium');

INSERT INTO VENDOR_CONFIGURATION(PDP_SR_VENDOR_VENDOR_ID,NOTIFY_BY,PROGRAM,SFTP_DIRECTORY) VALUES(1,'EMAIL','PDP','Genesys/PDP/Email');
INSERT INTO VENDOR_CONFIGURATION(PDP_SR_VENDOR_VENDOR_ID,NOTIFY_BY,PROGRAM,SFTP_DIRECTORY) VALUES(1,'EMAIL','SMARTRATE','Genesys/SR/Email');
INSERT INTO VENDOR_CONFIGURATION(PDP_SR_VENDOR_VENDOR_ID,NOTIFY_BY,PROGRAM,SFTP_DIRECTORY) VALUES(1,'PHONE','PDP','Genesys/PDP/Voice');
INSERT INTO VENDOR_CONFIGURATION(PDP_SR_VENDOR_VENDOR_ID,NOTIFY_BY,PROGRAM,SFTP_DIRECTORY) VALUES(1,'PHONE','SMARTRATE','Genesys/SR/Voice');
INSERT INTO VENDOR_CONFIGURATION(PDP_SR_VENDOR_VENDOR_ID,NOTIFY_BY,PROGRAM,SFTP_DIRECTORY) VALUES(1,'SMS','SMARTRATE','Genesys/SR/SMS');
INSERT INTO VENDOR_CONFIGURATION(PDP_SR_VENDOR_VENDOR_ID,NOTIFY_BY,PROGRAM,SFTP_DIRECTORY) VALUES(2,'FAX','PDP','Rightfax/PDP/Fax');
INSERT INTO VENDOR_CONFIGURATION(PDP_SR_VENDOR_VENDOR_ID,NOTIFY_BY,PROGRAM,SFTP_DIRECTORY) VALUES(3,'SMS','PDP','Gridium/PDP/Email');


CREATE TABLE `VENDOR_STATUS_MAPPING` (
  `VENDOR_STATUS_MAPPING_ID` BIGINT(20) NOT NULL AUTO_INCREMENT,
  `VENDOR_ID` BIGINT(20) NOT NULL,
  `STATUS_CODE` VARCHAR(45) NOT NULL,
  `DISPLAY_MESSAGE` VARCHAR(1024) NOT NULL,
  `SUCCESSFUL_NOTIFICATION` VARCHAR(10) NOT NULL DEFAULT 'UNSUCCESS',
  PRIMARY KEY (`VENDOR_STATUS_MAPPING_ID`),
  INDEX `FK_VENDOR_STATUS_VENDOR_idx` (`VENDOR_ID` ASC),
  CONSTRAINT `FK_VENDOR_STATUS_VENDOR`
    FOREIGN KEY (`VENDOR_ID`)
    REFERENCES `DRCC`.`PDP_SR_VENDOR` (`VENDOR_ID`)
    ON DELETE CASCADE
    ON UPDATE NO ACTION);

   
 INSERT INTO  VENDOR_STATUS_MAPPING(VENDOR_ID,STATUS_CODE,DISPLAY_MESSAGE,MESSAGE_DELIVERED,SUCCESSFUL_NOTIFICATION) VALUES(1,'NO ANSWER','TEST MESSAGE',0,'ATTEMPTED');
 INSERT INTO  VENDOR_STATUS_MAPPING(VENDOR_ID,STATUS_CODE,DISPLAY_MESSAGE,MESSAGE_DELIVERED,SUCCESSFUL_NOTIFICATION) VALUES(1,'DELIVERED','TEST MESSAGE',1,'DELIVERED');
 INSERT INTO  VENDOR_STATUS_MAPPING(VENDOR_ID,STATUS_CODE,DISPLAY_MESSAGE,MESSAGE_DELIVERED,SUCCESSFUL_NOTIFICATION) VALUES(2,'NO ANSWER','TEST MESSAGE',0,'ATTEMPTED');
 INSERT INTO  VENDOR_STATUS_MAPPING(VENDOR_ID,STATUS_CODE,DISPLAY_MESSAGE,MESSAGE_DELIVERED,SUCCESSFUL_NOTIFICATION) VALUES(2,'DELIVERED','TEST MESSAGE',1,'DELIVERED');
 INSERT INTO  VENDOR_STATUS_MAPPING(VENDOR_ID,STATUS_CODE,DISPLAY_MESSAGE,MESSAGE_DELIVERED,SUCCESSFUL_NOTIFICATION) VALUES(3,'NO ANSWER','TEST MESSAGE',0,'ATTEMPTED');
 INSERT INTO  VENDOR_STATUS_MAPPING(VENDOR_ID,STATUS_CODE,DISPLAY_MESSAGE,MESSAGE_DELIVERED,SUCCESSFUL_NOTIFICATION) VALUES(3,'DELIVERED','TEST MESSAGE',1,'DELIVERED');








INSERT INTO `METER_FORECAST` (`UUID`,`SERVICE_AGREEMENT_ID`,`MEASURE_TYPE`,`MEASURE_DATE`,`HOUR_END_1`,`HOUR_END_2`,`HOUR_END_3`,`HOUR_END_4`,`HOUR_END_5`,`HOUR_END_6`,`HOUR_END_7`,`HOUR_END_8`,`HOUR_END_9`,`HOUR_END_10`,`HOUR_END_11`,`HOUR_END_12`,`HOUR_END_13`,`HOUR_END_14`,`HOUR_END_15`,`HOUR_END_16`,`HOUR_END_17`,`HOUR_END_18`,`HOUR_END_19`,`HOUR_END_20`,`HOUR_END_21`,`HOUR_END_22`,`HOUR_END_23`,`HOUR_END_24`) VALUES ('03335c61-865a-4f28-b782-3300d299cf7f','6504470802','ref_load',DATE_ADD(NOW(), INTERVAL 1 DAY),1230,1230,1230,1230,1230,1230,1230,1230,1230,1230,1230,1230,1230,1230,1230,1230,1230,1230,1230,1230,1230,1230,1230,1230);
INSERT INTO `METER_FORECAST` (`UUID`,`SERVICE_AGREEMENT_ID`,`MEASURE_TYPE`,`MEASURE_DATE`,`HOUR_END_1`,`HOUR_END_2`,`HOUR_END_3`,`HOUR_END_4`,`HOUR_END_5`,`HOUR_END_6`,`HOUR_END_7`,`HOUR_END_8`,`HOUR_END_9`,`HOUR_END_10`,`HOUR_END_11`,`HOUR_END_12`,`HOUR_END_13`,`HOUR_END_14`,`HOUR_END_15`,`HOUR_END_16`,`HOUR_END_17`,`HOUR_END_18`,`HOUR_END_19`,`HOUR_END_20`,`HOUR_END_21`,`HOUR_END_22`,`HOUR_END_23`,`HOUR_END_24`) VALUES ('1faaff36-2a28-428c-90db-62667c7d373f','6504470802','ev_load', DATE_ADD(NOW(), INTERVAL 1 DAY),1230,1230,1230,1230,1230,1230,1230,1230,1230,1230,1230,1230,1230,1230,1230,1230,1230,1230,1230,1230,1230,1230,1230,1230);
INSERT INTO `METER_FORECAST` (`UUID`,`SERVICE_AGREEMENT_ID`,`MEASURE_TYPE`,`MEASURE_DATE`,`HOUR_END_1`,`HOUR_END_2`,`HOUR_END_3`,`HOUR_END_4`,`HOUR_END_5`,`HOUR_END_6`,`HOUR_END_7`,`HOUR_END_8`,`HOUR_END_9`,`HOUR_END_10`,`HOUR_END_11`,`HOUR_END_12`,`HOUR_END_13`,`HOUR_END_14`,`HOUR_END_15`,`HOUR_END_16`,`HOUR_END_17`,`HOUR_END_18`,`HOUR_END_19`,`HOUR_END_20`,`HOUR_END_21`,`HOUR_END_22`,`HOUR_END_23`,`HOUR_END_24`) VALUES ('36828666-49c7-4999-8608-4b22b45fd83c','6504470802','ref_load',DATE_ADD(NOW(), INTERVAL 2 DAY),1230,1230,1230,1230,1230,1230,1230,1230,1230,1230,1230,1230,1230,1230,1230,1230,1230,1230,1230,1230,1230,1230,1230,1230);
INSERT INTO `METER_FORECAST` (`UUID`,`SERVICE_AGREEMENT_ID`,`MEASURE_TYPE`,`MEASURE_DATE`,`HOUR_END_1`,`HOUR_END_2`,`HOUR_END_3`,`HOUR_END_4`,`HOUR_END_5`,`HOUR_END_6`,`HOUR_END_7`,`HOUR_END_8`,`HOUR_END_9`,`HOUR_END_10`,`HOUR_END_11`,`HOUR_END_12`,`HOUR_END_13`,`HOUR_END_14`,`HOUR_END_15`,`HOUR_END_16`,`HOUR_END_17`,`HOUR_END_18`,`HOUR_END_19`,`HOUR_END_20`,`HOUR_END_21`,`HOUR_END_22`,`HOUR_END_23`,`HOUR_END_24`) VALUES ('4dc6136c-ca2a-416a-85a2-3fa9714a4ad9','6504470802','ev_load', DATE_ADD(NOW(), INTERVAL 2 DAY),1230,1230,1230,1230,1230,1230,1230,1230,1230,1230,1230,1230,1230,1230,1230,1230,1230,1230,1230,1230,1230,1230,1230,1230);
INSERT INTO `METER_FORECAST` (`UUID`,`SERVICE_AGREEMENT_ID`,`MEASURE_TYPE`,`MEASURE_DATE`,`HOUR_END_1`,`HOUR_END_2`,`HOUR_END_3`,`HOUR_END_4`,`HOUR_END_5`,`HOUR_END_6`,`HOUR_END_7`,`HOUR_END_8`,`HOUR_END_9`,`HOUR_END_10`,`HOUR_END_11`,`HOUR_END_12`,`HOUR_END_13`,`HOUR_END_14`,`HOUR_END_15`,`HOUR_END_16`,`HOUR_END_17`,`HOUR_END_18`,`HOUR_END_19`,`HOUR_END_20`,`HOUR_END_21`,`HOUR_END_22`,`HOUR_END_23`,`HOUR_END_24`) VALUES ('56828666-49c7-4999-8608-4b22b45fd83c','6504470802','ref_load',DATE_ADD(NOW(), INTERVAL 3 DAY),1230,1230,1230,1230,1230,1230,1230,1230,1230,1230,1230,1230,1230,1230,1230,1230,1230,1230,1230,1230,1230,1230,1230,1230);
INSERT INTO `METER_FORECAST` (`UUID`,`SERVICE_AGREEMENT_ID`,`MEASURE_TYPE`,`MEASURE_DATE`,`HOUR_END_1`,`HOUR_END_2`,`HOUR_END_3`,`HOUR_END_4`,`HOUR_END_5`,`HOUR_END_6`,`HOUR_END_7`,`HOUR_END_8`,`HOUR_END_9`,`HOUR_END_10`,`HOUR_END_11`,`HOUR_END_12`,`HOUR_END_13`,`HOUR_END_14`,`HOUR_END_15`,`HOUR_END_16`,`HOUR_END_17`,`HOUR_END_18`,`HOUR_END_19`,`HOUR_END_20`,`HOUR_END_21`,`HOUR_END_22`,`HOUR_END_23`,`HOUR_END_24`) VALUES ('6dc6136c-ca2a-416a-85a2-3fa9714a4ad9','6504470802','ev_load', DATE_ADD(NOW(), INTERVAL 3 DAY),1230,1230,1230,1230,1230,1230,1230,1230,1230,1230,1230,1230,1230,1230,1230,1230,1230,1230,1230,1230,1230,1230,1230,1230);
INSERT INTO `METER_FORECAST` (`UUID`,`SERVICE_AGREEMENT_ID`,`MEASURE_TYPE`,`MEASURE_DATE`,`HOUR_END_1`,`HOUR_END_2`,`HOUR_END_3`,`HOUR_END_4`,`HOUR_END_5`,`HOUR_END_6`,`HOUR_END_7`,`HOUR_END_8`,`HOUR_END_9`,`HOUR_END_10`,`HOUR_END_11`,`HOUR_END_12`,`HOUR_END_13`,`HOUR_END_14`,`HOUR_END_15`,`HOUR_END_16`,`HOUR_END_17`,`HOUR_END_18`,`HOUR_END_19`,`HOUR_END_20`,`HOUR_END_21`,`HOUR_END_22`,`HOUR_END_23`,`HOUR_END_24`) VALUES ('76828666-49c7-4999-8608-4b22b45fd83c','6504470802','ref_load',DATE_ADD(NOW(), INTERVAL 4 DAY),1230,1230,1230,1230,1230,1230,1230,1230,1230,1230,1230,1230,1230,1230,1230,1230,1230,1230,1230,1230,1230,1230,1230,1230);
INSERT INTO `METER_FORECAST` (`UUID`,`SERVICE_AGREEMENT_ID`,`MEASURE_TYPE`,`MEASURE_DATE`,`HOUR_END_1`,`HOUR_END_2`,`HOUR_END_3`,`HOUR_END_4`,`HOUR_END_5`,`HOUR_END_6`,`HOUR_END_7`,`HOUR_END_8`,`HOUR_END_9`,`HOUR_END_10`,`HOUR_END_11`,`HOUR_END_12`,`HOUR_END_13`,`HOUR_END_14`,`HOUR_END_15`,`HOUR_END_16`,`HOUR_END_17`,`HOUR_END_18`,`HOUR_END_19`,`HOUR_END_20`,`HOUR_END_21`,`HOUR_END_22`,`HOUR_END_23`,`HOUR_END_24`) VALUES ('8dc6136c-ca2a-416a-85a2-3fa9714a4ad9','6504470802','ev_load', DATE_ADD(NOW(), INTERVAL 4 DAY),1230,1230,1230,1230,1230,1230,1230,1230,1230,1230,1230,1230,1230,1230,1230,1230,1230,1230,1230,1230,1230,1230,1230,1230);
INSERT INTO `METER_FORECAST` (`UUID`,`SERVICE_AGREEMENT_ID`,`MEASURE_TYPE`,`MEASURE_DATE`,`HOUR_END_1`,`HOUR_END_2`,`HOUR_END_3`,`HOUR_END_4`,`HOUR_END_5`,`HOUR_END_6`,`HOUR_END_7`,`HOUR_END_8`,`HOUR_END_9`,`HOUR_END_10`,`HOUR_END_11`,`HOUR_END_12`,`HOUR_END_13`,`HOUR_END_14`,`HOUR_END_15`,`HOUR_END_16`,`HOUR_END_17`,`HOUR_END_18`,`HOUR_END_19`,`HOUR_END_20`,`HOUR_END_21`,`HOUR_END_22`,`HOUR_END_23`,`HOUR_END_24`) VALUES ('96828666-49c7-4999-8608-4b22b45fd83c','6504470802','ref_load',DATE_ADD(NOW(), INTERVAL 5 DAY),1230,1230,1230,1230,1230,1230,1230,1230,1230,1230,1230,1230,1230,1230,1230,1230,1230,1230,1230,1230,1230,1230,1230,1230);
INSERT INTO `METER_FORECAST` (`UUID`,`SERVICE_AGREEMENT_ID`,`MEASURE_TYPE`,`MEASURE_DATE`,`HOUR_END_1`,`HOUR_END_2`,`HOUR_END_3`,`HOUR_END_4`,`HOUR_END_5`,`HOUR_END_6`,`HOUR_END_7`,`HOUR_END_8`,`HOUR_END_9`,`HOUR_END_10`,`HOUR_END_11`,`HOUR_END_12`,`HOUR_END_13`,`HOUR_END_14`,`HOUR_END_15`,`HOUR_END_16`,`HOUR_END_17`,`HOUR_END_18`,`HOUR_END_19`,`HOUR_END_20`,`HOUR_END_21`,`HOUR_END_22`,`HOUR_END_23`,`HOUR_END_24`) VALUES ('e1c6136c-ca2a-416a-85a2-3fa9714a4ad9','6504470802','ev_load', DATE_ADD(NOW(), INTERVAL 5 DAY),1230,1230,1230,1230,1230,1230,1230,1230,1230,1230,1230,1230,1230,1230,1230,1230,1230,1230,1230,1230,1230,1230,1230,1230);
INSERT INTO `METER_FORECAST` (`UUID`,`SERVICE_AGREEMENT_ID`,`MEASURE_TYPE`,`MEASURE_DATE`,`HOUR_END_1`,`HOUR_END_2`,`HOUR_END_3`,`HOUR_END_4`,`HOUR_END_5`,`HOUR_END_6`,`HOUR_END_7`,`HOUR_END_8`,`HOUR_END_9`,`HOUR_END_10`,`HOUR_END_11`,`HOUR_END_12`,`HOUR_END_13`,`HOUR_END_14`,`HOUR_END_15`,`HOUR_END_16`,`HOUR_END_17`,`HOUR_END_18`,`HOUR_END_19`,`HOUR_END_20`,`HOUR_END_21`,`HOUR_END_22`,`HOUR_END_23`,`HOUR_END_24`) VALUES ('52828666-49c7-4999-8608-4b22b45fd83c','6504470802','ref_load',DATE_ADD(NOW(), INTERVAL 6 DAY),1230,1230,1230,1230,1230,1230,1230,1230,1230,1230,1230,1230,1230,1230,1230,1230,1230,1230,1230,1230,1230,1230,1230,1230);
INSERT INTO `METER_FORECAST` (`UUID`,`SERVICE_AGREEMENT_ID`,`MEASURE_TYPE`,`MEASURE_DATE`,`HOUR_END_1`,`HOUR_END_2`,`HOUR_END_3`,`HOUR_END_4`,`HOUR_END_5`,`HOUR_END_6`,`HOUR_END_7`,`HOUR_END_8`,`HOUR_END_9`,`HOUR_END_10`,`HOUR_END_11`,`HOUR_END_12`,`HOUR_END_13`,`HOUR_END_14`,`HOUR_END_15`,`HOUR_END_16`,`HOUR_END_17`,`HOUR_END_18`,`HOUR_END_19`,`HOUR_END_20`,`HOUR_END_21`,`HOUR_END_22`,`HOUR_END_23`,`HOUR_END_24`) VALUES ('e3c6136c-ca2a-416a-85a2-3fa9714a4ad9','6504470802','ev_load', DATE_ADD(NOW(), INTERVAL 6 DAY),1230,1230,1230,1230,1230,1230,1230,1230,1230,1230,1230,1230,1230,1230,1230,1230,1230,1230,1230,1230,1230,1230,1230,1230);
INSERT INTO `METER_FORECAST` (`UUID`,`SERVICE_AGREEMENT_ID`,`MEASURE_TYPE`,`MEASURE_DATE`,`HOUR_END_1`,`HOUR_END_2`,`HOUR_END_3`,`HOUR_END_4`,`HOUR_END_5`,`HOUR_END_6`,`HOUR_END_7`,`HOUR_END_8`,`HOUR_END_9`,`HOUR_END_10`,`HOUR_END_11`,`HOUR_END_12`,`HOUR_END_13`,`HOUR_END_14`,`HOUR_END_15`,`HOUR_END_16`,`HOUR_END_17`,`HOUR_END_18`,`HOUR_END_19`,`HOUR_END_20`,`HOUR_END_21`,`HOUR_END_22`,`HOUR_END_23`,`HOUR_END_24`) VALUES ('54828666-49c7-4999-8608-4b22b45fd83c','6504470802','ref_load',DATE_ADD(NOW(), INTERVAL 7 DAY),1230,1230,1230,1230,1230,1230,1230,1230,1230,1230,1230,1230,1230,1230,1230,1230,1230,1230,1230,1230,1230,1230,1230,1230);
INSERT INTO `METER_FORECAST` (`UUID`,`SERVICE_AGREEMENT_ID`,`MEASURE_TYPE`,`MEASURE_DATE`,`HOUR_END_1`,`HOUR_END_2`,`HOUR_END_3`,`HOUR_END_4`,`HOUR_END_5`,`HOUR_END_6`,`HOUR_END_7`,`HOUR_END_8`,`HOUR_END_9`,`HOUR_END_10`,`HOUR_END_11`,`HOUR_END_12`,`HOUR_END_13`,`HOUR_END_14`,`HOUR_END_15`,`HOUR_END_16`,`HOUR_END_17`,`HOUR_END_18`,`HOUR_END_19`,`HOUR_END_20`,`HOUR_END_21`,`HOUR_END_22`,`HOUR_END_23`,`HOUR_END_24`) VALUES ('e5c6136c-ca2a-416a-85a2-3fa9714a4ad9','6504470802','ev_load', DATE_ADD(NOW(), INTERVAL 7 DAY),1230,1230,1230,1230,1230,1230,1230,1230,1230,1230,1230,1230,1230,1230,1230,1230,1230,1230,1230,1230,1230,1230,1230,1230);
INSERT INTO `METER_FORECAST` (`UUID`,`SERVICE_AGREEMENT_ID`,`MEASURE_TYPE`,`MEASURE_DATE`,`HOUR_END_1`,`HOUR_END_2`,`HOUR_END_3`,`HOUR_END_4`,`HOUR_END_5`,`HOUR_END_6`,`HOUR_END_7`,`HOUR_END_8`,`HOUR_END_9`,`HOUR_END_10`,`HOUR_END_11`,`HOUR_END_12`,`HOUR_END_13`,`HOUR_END_14`,`HOUR_END_15`,`HOUR_END_16`,`HOUR_END_17`,`HOUR_END_18`,`HOUR_END_19`,`HOUR_END_20`,`HOUR_END_21`,`HOUR_END_22`,`HOUR_END_23`,`HOUR_END_24`) VALUES ('56828666-49c7-4999-8608-4b22b45fd83c','6504470802','ref_load',DATE_ADD(NOW(), INTERVAL 8 DAY),1230,1230,1230,1230,1230,1230,1230,1230,1230,1230,1230,1230,1230,1230,1230,1230,1230,1230,1230,1230,1230,1230,1230,1230);
INSERT INTO `METER_FORECAST` (`UUID`,`SERVICE_AGREEMENT_ID`,`MEASURE_TYPE`,`MEASURE_DATE`,`HOUR_END_1`,`HOUR_END_2`,`HOUR_END_3`,`HOUR_END_4`,`HOUR_END_5`,`HOUR_END_6`,`HOUR_END_7`,`HOUR_END_8`,`HOUR_END_9`,`HOUR_END_10`,`HOUR_END_11`,`HOUR_END_12`,`HOUR_END_13`,`HOUR_END_14`,`HOUR_END_15`,`HOUR_END_16`,`HOUR_END_17`,`HOUR_END_18`,`HOUR_END_19`,`HOUR_END_20`,`HOUR_END_21`,`HOUR_END_22`,`HOUR_END_23`,`HOUR_END_24`) VALUES ('e7c6136c-ca2a-416a-85a2-3fa9714a4ad9','6504470802','ev_load', DATE_ADD(NOW(), INTERVAL 8 DAY),1230,1230,1230,1230,1230,1230,1230,1230,1230,1230,1230,1230,1230,1230,1230,1230,1230,1230,1230,1230,1230,1230,1230,1230);
INSERT INTO `METER_FORECAST` (`UUID`,`SERVICE_AGREEMENT_ID`,`MEASURE_TYPE`,`MEASURE_DATE`,`HOUR_END_1`,`HOUR_END_2`,`HOUR_END_3`,`HOUR_END_4`,`HOUR_END_5`,`HOUR_END_6`,`HOUR_END_7`,`HOUR_END_8`,`HOUR_END_9`,`HOUR_END_10`,`HOUR_END_11`,`HOUR_END_12`,`HOUR_END_13`,`HOUR_END_14`,`HOUR_END_15`,`HOUR_END_16`,`HOUR_END_17`,`HOUR_END_18`,`HOUR_END_19`,`HOUR_END_20`,`HOUR_END_21`,`HOUR_END_22`,`HOUR_END_23`,`HOUR_END_24`) VALUES ('58828666-49c7-4999-8608-4b22b45fd83c','6504470802','ref_load',DATE_ADD(NOW(), INTERVAL 9 DAY),1230,1230,1230,1230,1230,1230,1230,1230,1230,1230,1230,1230,1230,1230,1230,1230,1230,1230,1230,1230,1230,1230,1230,1230);
INSERT INTO `METER_FORECAST` (`UUID`,`SERVICE_AGREEMENT_ID`,`MEASURE_TYPE`,`MEASURE_DATE`,`HOUR_END_1`,`HOUR_END_2`,`HOUR_END_3`,`HOUR_END_4`,`HOUR_END_5`,`HOUR_END_6`,`HOUR_END_7`,`HOUR_END_8`,`HOUR_END_9`,`HOUR_END_10`,`HOUR_END_11`,`HOUR_END_12`,`HOUR_END_13`,`HOUR_END_14`,`HOUR_END_15`,`HOUR_END_16`,`HOUR_END_17`,`HOUR_END_18`,`HOUR_END_19`,`HOUR_END_20`,`HOUR_END_21`,`HOUR_END_22`,`HOUR_END_23`,`HOUR_END_24`) VALUES ('e9c6136c-ca2a-416a-85a2-3fa9714a4ad9','6504470802','ev_load', DATE_ADD(NOW(), INTERVAL 9 DAY),1230,1230,1230,1230,1230,1230,1230,1230,1230,1230,1230,1230,1230,1230,1230,1230,1230,1230,1230,1230,1230,1230,1230,1230);
INSERT INTO `METER_FORECAST` (`UUID`,`SERVICE_AGREEMENT_ID`,`MEASURE_TYPE`,`MEASURE_DATE`,`HOUR_END_1`,`HOUR_END_2`,`HOUR_END_3`,`HOUR_END_4`,`HOUR_END_5`,`HOUR_END_6`,`HOUR_END_7`,`HOUR_END_8`,`HOUR_END_9`,`HOUR_END_10`,`HOUR_END_11`,`HOUR_END_12`,`HOUR_END_13`,`HOUR_END_14`,`HOUR_END_15`,`HOUR_END_16`,`HOUR_END_17`,`HOUR_END_18`,`HOUR_END_19`,`HOUR_END_20`,`HOUR_END_21`,`HOUR_END_22`,`HOUR_END_23`,`HOUR_END_24`) VALUES ('56128666-49c7-4999-8608-4b22b45fd83c','6504470802','ref_load',DATE_ADD(NOW(), INTERVAL 10 DAY),1230,1230,1230,1230,1230,1230,1230,1230,1230,1230,1230,1230,1230,1230,1230,1230,1230,1230,1230,1230,1230,1230,1230,1230);
INSERT INTO `METER_FORECAST` (`UUID`,`SERVICE_AGREEMENT_ID`,`MEASURE_TYPE`,`MEASURE_DATE`,`HOUR_END_1`,`HOUR_END_2`,`HOUR_END_3`,`HOUR_END_4`,`HOUR_END_5`,`HOUR_END_6`,`HOUR_END_7`,`HOUR_END_8`,`HOUR_END_9`,`HOUR_END_10`,`HOUR_END_11`,`HOUR_END_12`,`HOUR_END_13`,`HOUR_END_14`,`HOUR_END_15`,`HOUR_END_16`,`HOUR_END_17`,`HOUR_END_18`,`HOUR_END_19`,`HOUR_END_20`,`HOUR_END_21`,`HOUR_END_22`,`HOUR_END_23`,`HOUR_END_24`) VALUES ('ed26136c-ca2a-416a-85a2-3fa9714a4ad9','6504470802','ev_load', DATE_ADD(NOW(), INTERVAL 10 DAY),1230,1230,1230,1230,1230,1230,1230,1230,1230,1230,1230,1230,1230,1230,1230,1230,1230,1230,1230,1230,1230,1230,1230,1230);